case_id,task_id,theme
SE001,json_logic__evaluator_core__hard3_001,C
SE002,pytest__marker_registry_core__hard3_001,O
SE003,sqlparse__parse_split_core__001,O
SE004,platformdirs__app_dirs_core__hard3_001,A
SE005,decorator__signature_preserving_core__001,O
SE006,dateutil__zone_resolver_core__hard3_001,O
SE007,aiohttp__url_params_core__hard3_001,O
SE008,multidict__multidict_mutation_core__hard3_001,O
SE009,readme_renderer__content_type_core__hard3_001,O
SE010,redis__resp_parser_core__001,O
SE011,responses__request_matcher_core__hard3_001,O
SE012,cerberus__schema_validate_core__001,B
SE013,cookiecutter__repo_finder_core__hard3_001,O
SE014,license_expression__policy_core__hard3_001,O
SE015,importlib_resources__traversable_tree_core__hard3_001,C
SE016,filelock__reentrant_lock_core__001,C
SE017,sortedcontainers__sorted_list_core__001,O
SE018,pytest__skipif_eval_core__001,O
SE019,itsdangerous__timed_serializer_core__001,O
SE020,apscheduler__cron_trigger_core__hard3_001,A
SE021,keyring__backend_select_core__hard3_001,O
SE022,faker__provider_core__001,O
SE023,pygments__lexer_core__001,O
SE024,pytest__ini_markers_core__001,O
SE025,tabulate__table_format_core__001,O
SE026,alembic__revision_map_core__hard3_001,O
SE027,requests_cache__cache_key_core__hard3_001,B
SE028,bleach__sanitize_core__001,O
SE029,mkdocs__plugin_config_core__hard3_001,O
SE030,poetry_core__dependency_groups_core__hard3_001,O
SE031,scrapy__item_loader_core__hard3_001,O
SE032,sqlparse__format_filters_core__001,O
SE033,jinja2__lexer_parser_core__001,O
SE034,installer__wheel_record_core__hard3_001,O
SE035,jupyter_core__paths_resolver_core__hard3_001,A
SE036,yamale__schema_validate_core__hard3_001,O
SE037,click__lazy_command_core__hard3_001,O
SE038,tox__factor_expression_core__hard3_001,O
SE039,distlib__wheel_metadata_core__hard3_001,O
SE040,python_decouple__config_repository_core__001,C
SE041,sqlalchemy__event_dispatch_core__hard3_001,C
SE042,wheel__metadata_normalize_core__hard3_001,C
SE043,isort__settings_resolver_core__hard3_001,B
SE044,astroid__nodes_core__001,O
SE045,typer__command_parser_core__001,O
SE046,jupyter_server__extension_config_core__hard3_001,O
